{"0":{"min":[36.8196,-122.317682],"max":[37.286055,-121.581154]},"-1":{"min":[36.8196,-122.317682],"max":[37.286055,-121.581154]}}